"year","country","ccode","primary","id","secondary","fpe_year","treatment"
1981,"Benin","BEN",60.3475685119629,2,15.4516897201538,2006,0
1982,"Benin","BEN",64.6779022216797,2,18.4874897003174,2006,0
1983,"Benin","BEN",66.25,2,21.2241706848145,2006,0
1984,"Benin","BEN",64.198486328125,2,20.1487197875977,2006,0
1985,"Benin","BEN",64.3068008422852,2,18.991979598999,2006,0
1986,"Benin","BEN",62.3663291931152,2,16.3408794403076,2006,0
1987,"Benin","BEN",62.6943397521973,2,15.1324501037598,2006,0
1988,"Benin","BEN",61.625560760498,2,NA,2006,0
1989,"Benin","BEN",61.0979804992676,2,NA,2006,0
1990,"Benin","BEN",51.2549285888672,2,NA,2006,0
1991,"Benin","BEN",58.219841003418,2,NA,2006,0
1992,"Benin","BEN",61.4146003723145,2,NA,2006,0
1993,"Benin","BEN",66.4993362426758,2,NA,2006,0
1994,"Benin","BEN",66.8944396972656,2,NA,2006,0
1995,"Benin","BEN",70.2448501586914,2,NA,2006,0
1996,"Benin","BEN",72.6539077758789,2,NA,2006,0
1997,"Benin","BEN",76.3822326660156,2,NA,2006,0
1998,"Benin","BEN",79.4296875,2,NA,2006,0
1999,"Benin","BEN",79.5843124389648,2,21.0042896270752,2006,0
2000,"Benin","BEN",82.5292663574219,2,21.8377704620361,2006,0
2001,"Benin","BEN",90.7364120483398,2,23.6702404022217,2006,0
2002,"Benin","BEN",96.1632232666016,2,25.6665191650391,2006,0
2003,"Benin","BEN",99.7970428466797,2,27.031120300293,2006,0
2004,"Benin","BEN",103.722259521484,2,28.888599395752,2006,0
2005,"Benin","BEN",100.838829040527,2,NA,2006,0
2006,"Benin","BEN",101.293403625488,2,NA,2006,1
2007,"Benin","BEN",NA,2,NA,2006,1
2008,"Benin","BEN",113.18830871582,2,NA,2006,1
2009,"Benin","BEN",118.433967590332,2,NA,2006,1
2010,"Benin","BEN",120.152008056641,2,NA,2006,1
2011,"Benin","BEN",122.726043701172,2,49.1275901794434,2006,1
2012,"Benin","BEN",127.215148925781,2,NA,2006,1
2013,"Benin","BEN",128.736099243164,2,55.9656181335449,2006,1
2014,"Benin","BEN",129.595672607422,2,56.2365417480469,2006,1
2015,"Benin","BEN",132.466842651367,2,58.8467597961426,2006,1
1981,"Burkina Faso","BFA",18.4838600158691,4,2.64361000061035,2007,0
1982,"Burkina Faso","BFA",20.0635299682617,4,2.95148992538452,2007,0
1983,"Burkina Faso","BFA",21.837869644165,4,2.99132990837097,2007,0
1984,"Burkina Faso","BFA",23.3425903320313,4,3.21287989616394,2007,0
1985,"Burkina Faso","BFA",25.5690498352051,4,3.80623006820679,2007,0
1986,"Burkina Faso","BFA",27.7766208648682,4,4.51377010345459,2007,0
1987,"Burkina Faso","BFA",29.7862491607666,4,5.15766000747681,2007,0
1988,"Burkina Faso","BFA",30.3163299560547,4,5.80519008636475,2007,0
1989,"Burkina Faso","BFA",31.4987297058105,4,6.60604000091553,2007,0
1990,"Burkina Faso","BFA",32.5255012512207,4,6.89189004898071,2007,0
1991,"Burkina Faso","BFA",33.7229690551758,4,7.22926998138428,2007,0
1992,"Burkina Faso","BFA",34.414909362793,4,7.47780990600586,2007,0
1993,"Burkina Faso","BFA",35.4765815734863,4,7.93455982208252,2007,0
1994,"Burkina Faso","BFA",36.7763595581055,4,8.29024982452393,2007,0
1995,"Burkina Faso","BFA",38.8354606628418,4,NA,2007,0
1996,"Burkina Faso","BFA",40.9695701599121,4,NA,2007,0
1997,"Burkina Faso","BFA",NA,4,NA,2007,0
1998,"Burkina Faso","BFA",43.318790435791,4,NA,2007,0
1999,"Burkina Faso","BFA",44.284351348877,4,9.79308986663818,2007,0
2000,"Burkina Faso","BFA",45.0173683166504,4,10.4224796295166,2007,0
2001,"Burkina Faso","BFA",46.4378318786621,4,10.6387195587158,2007,0
2002,"Burkina Faso","BFA",47.0575714111328,4,NA,2007,0
2003,"Burkina Faso","BFA",49.3110389709473,4,12.0750703811646,2007,0
2004,"Burkina Faso","BFA",53.8744010925293,4,13.250789642334,2007,0
2005,"Burkina Faso","BFA",58.3271903991699,4,14.2987804412842,2007,0
2006,"Burkina Faso","BFA",62.0652084350586,4,15.0407495498657,2007,0
2007,"Burkina Faso","BFA",67.6690979003906,4,16.1669902801514,2007,1
2008,"Burkina Faso","BFA",73.2238388061523,4,18.9150905609131,2007,1
2009,"Burkina Faso","BFA",77.6148223876953,4,20.2942600250244,2007,1
2010,"Burkina Faso","BFA",78.0141677856445,4,21.9026908874512,2007,1
2011,"Burkina Faso","BFA",81.5949096679688,4,23.8359298706055,2007,1
2012,"Burkina Faso","BFA",84.0926132202148,4,25.9330902099609,2007,1
2013,"Burkina Faso","BFA",85.7183990478516,4,28.3659591674805,2007,1
2014,"Burkina Faso","BFA",87.3379135131836,4,30.3540306091309,2007,1
2015,"Burkina Faso","BFA",88.3661575317383,4,33.7187309265137,2007,1
1981,"Burundi","BDI",27.6634502410889,5,2.93643999099731,2005,0
1982,"Burundi","BDI",31.9795207977295,5,3.1243200302124,2005,0
1983,"Burundi","BDI",39.2403411865234,5,3.02377009391785,2005,0
1984,"Burundi","BDI",44.3552284240723,5,3.22394990921021,2005,0
1985,"Burundi","BDI",48.7942504882813,5,3.5754599571228,2005,0
1986,"Burundi","BDI",52.8296585083008,5,3.82749009132385,2005,0
1987,"Burundi","BDI",59.2683792114258,5,4.2297101020813,2005,0
1988,"Burundi","BDI",66.7278900146484,5,4.44977998733521,2005,0
1989,"Burundi","BDI",68.0855712890625,5,4.89640998840332,2005,0
1990,"Burundi","BDI",68.6155471801758,5,5.22075986862183,2005,0
1991,"Burundi","BDI",70.3608932495117,5,5.86264991760254,2005,0
1992,"Burundi","BDI",66.955451965332,5,6.24163007736206,2005,0
1993,"Burundi","BDI",65.9457778930664,5,6.91802978515625,2005,0
1994,"Burundi","BDI",NA,5,NA,2005,0
1995,"Burundi","BDI",49.3185615539551,5,NA,2005,0
1996,"Burundi","BDI",38.4183692932129,5,NA,2005,0
1997,"Burundi","BDI",39.7745399475098,5,NA,2005,0
1998,"Burundi","BDI",47.4943504333496,5,NA,2005,0
1999,"Burundi","BDI",56.2275581359863,5,NA,2005,0
2000,"Burundi","BDI",58.004940032959,5,NA,2005,0
2001,"Burundi","BDI",60.8633117675781,5,10.1002197265625,2005,0
2002,"Burundi","BDI",65.6419677734375,5,10.4382095336914,2005,0
2003,"Burundi","BDI",71.1733016967773,5,10.5594100952148,2005,0
2004,"Burundi","BDI",76.2671203613281,5,11.9685897827148,2005,0
2005,"Burundi","BDI",80.9731063842773,5,12.9839296340942,2005,1
2006,"Burundi","BDI",102.900299072266,5,14.1383399963379,2005,1
2007,"Burundi","BDI",115.308288574219,5,15.0848703384399,2005,1
2008,"Burundi","BDI",122.943153381348,5,NA,2005,1
2009,"Burundi","BDI",131.522735595703,5,20.1247806549072,2005,1
2010,"Burundi","BDI",137.170104980469,5,23.2906303405762,2005,1
2011,"Burundi","BDI",140.828903198242,5,26.1224994659424,2005,1
2012,"Burundi","BDI",139.170425415039,5,28.7159900665283,2005,1
2013,"Burundi","BDI",136.63232421875,5,33.4114685058594,2005,1
2014,"Burundi","BDI",134.29948425293,5,39.4112586975098,2005,1
2015,"Burundi","BDI",130.903427124023,5,44.3469314575195,2005,1
1981,"Cameroon","CMR",97.6725006103516,7,18.1975898742676,2000,0
1982,"Cameroon","CMR",98.607421875,7,18.6971797943115,2000,0
1983,"Cameroon","CMR",101.11213684082,7,19.8766708374023,2000,0
1984,"Cameroon","CMR",99.3052368164063,7,20.8006591796875,2000,0
1985,"Cameroon","CMR",100.177871704102,7,22.2257804870605,2000,0
1986,"Cameroon","CMR",101.016067504883,7,22.4274501800537,2000,0
1987,"Cameroon","CMR",102.453277587891,7,24.4020900726318,2000,0
1988,"Cameroon","CMR",102.938652038574,7,25.3827095031738,2000,0
1989,"Cameroon","CMR",99.3331298828125,7,25.8129501342773,2000,0
1990,"Cameroon","CMR",98.8777618408203,7,25.8979396820068,2000,0
1991,"Cameroon","CMR",96.2616119384766,7,27.3254909515381,2000,0
1992,"Cameroon","CMR",90.4108581542969,7,28.1795501708984,2000,0
1993,"Cameroon","CMR",NA,7,NA,2000,0
1994,"Cameroon","CMR",83.486930847168,7,26.9450798034668,2000,0
1995,"Cameroon","CMR",81.285026550293,7,25.9356307983398,2000,0
1996,"Cameroon","CMR",74.6791381835938,7,NA,2000,0
1997,"Cameroon","CMR",78.2026901245117,7,24.0206508636475,2000,0
1998,"Cameroon","CMR",80.3540115356445,7,24.7882709503174,2000,0
1999,"Cameroon","CMR",82.8407592773438,7,26.1942291259766,2000,0
2000,"Cameroon","CMR",85.2045211791992,7,27.575439453125,2000,1
2001,"Cameroon","CMR",100.811729431152,7,32.3881797790527,2000,1
2002,"Cameroon","CMR",100.80281829834,7,28.2196197509766,2000,1
2003,"Cameroon","CMR",100.920989990234,7,29.795970916748,2000,1
2004,"Cameroon","CMR",105.412872314453,7,26.554479598999,2000,1
2005,"Cameroon","CMR",103.449447631836,7,27.0610103607178,2000,1
2006,"Cameroon","CMR",102.304763793945,7,23.5610809326172,2000,1
2007,"Cameroon","CMR",104.241752624512,7,32.3564186096191,2000,1
2008,"Cameroon","CMR",104.350479125977,7,36.6680603027344,2000,1
2009,"Cameroon","CMR",106.266860961914,7,40.4785385131836,2000,1
2010,"Cameroon","CMR",108.132659912109,7,NA,2000,1
2011,"Cameroon","CMR",107.228141784668,7,48.3189315795898,2000,1
2012,"Cameroon","CMR",111.666191101074,7,51.5877799987793,2000,1
2013,"Cameroon","CMR",NA,7,53.406379699707,2000,1
2014,"Cameroon","CMR",113.279029846191,7,57.5103492736816,2000,1
2015,"Cameroon","CMR",116.210441589355,7,59.0320892333984,2000,1
1981,"Ethiopia","ETH",39.0554809570313,17,NA,1995,0
1982,"Ethiopia","ETH",41.8414001464844,17,NA,1995,0
1983,"Ethiopia","ETH",42.4244194030762,17,NA,1995,0
1984,"Ethiopia","ETH",40.4676284790039,17,12.5014600753784,1995,0
1985,"Ethiopia","ETH",37.5520515441895,17,NA,1995,0
1986,"Ethiopia","ETH",36.9864196777344,17,13.0085000991821,1995,0
1987,"Ethiopia","ETH",40.0584716796875,17,14.0875196456909,1995,0
1988,"Ethiopia","ETH",40.8731918334961,17,15.325119972229,1995,0
1989,"Ethiopia","ETH",39.1388092041016,17,15.2674398422241,1995,0
1990,"Ethiopia","ETH",35.2561683654785,17,NA,1995,0
1991,"Ethiopia","ETH",31.5564594268799,17,13.9299402236938,1995,0
1992,"Ethiopia","ETH",25.2810192108154,17,12.1751203536987,1995,0
1993,"Ethiopia","ETH",21.708080291748,17,10.833080291748,1995,0
1994,"Ethiopia","ETH",25.5308303833008,17,10.4597902297974,1995,0
1995,"Ethiopia","ETH",29.2249202728271,17,10.4932899475098,1995,1
1996,"Ethiopia","ETH",35.1210708618164,17,10.8604001998901,1995,1
1997,"Ethiopia","ETH",40.5378112792969,17,NA,1995,1
1998,"Ethiopia","ETH",50.2101211547852,17,NA,1995,1
1999,"Ethiopia","ETH",49.6494789123535,17,12.415060043335,1995,1
2000,"Ethiopia","ETH",54.7184181213379,17,13.5388698577881,1995,1
2001,"Ethiopia","ETH",60.5821800231934,17,16.4432601928711,1995,1
2002,"Ethiopia","ETH",63.7933387756348,17,18.7428207397461,1995,1
2003,"Ethiopia","ETH",65.0845184326172,17,19.7078399658203,1995,1
2004,"Ethiopia","ETH",67.9149932861328,17,22.1996402740479,1995,1
2005,"Ethiopia","ETH",79.0526123046875,17,25.1031894683838,1995,1
2006,"Ethiopia","ETH",83.2288970947266,17,29.2288398742676,1995,1
2007,"Ethiopia","ETH",89.0744400024414,17,32.2991218566895,1995,1
2008,"Ethiopia","ETH",94.7504119873047,17,33.4073905944824,1995,1
2009,"Ethiopia","ETH",93.4268188476563,17,33.5959281921387,1995,1
2010,"Ethiopia","ETH",91.6565322875977,17,34.8354911804199,1995,1
2011,"Ethiopia","ETH",94.2797164916992,17,36.004150390625,1995,1
2012,"Ethiopia","ETH",94.2650604248047,17,37.5771408081055,1995,1
2013,"Ethiopia","ETH",NA,17,NA,1995,1
2014,"Ethiopia","ETH",99.2527618408203,17,NA,1995,1
2015,"Ethiopia","ETH",100.971488952637,17,34.9394683837891,1995,1
1981,"Ghana","GHA",73.1338729858398,20,36.2131614685059,1996,0
1982,"Ghana","GHA",74.9181976318359,20,35.3754081726074,1996,0
1983,"Ghana","GHA",73.4456787109375,20,36.1238594055176,1996,0
1984,"Ghana","GHA",70.8100891113281,20,36.3182601928711,1996,0
1985,"Ghana","GHA",72.6655883789063,20,35.2447814941406,1996,0
1986,"Ghana","GHA",69.3125686645508,20,35.686149597168,1996,0
1987,"Ghana","GHA",70.5396499633789,20,35.7577781677246,1996,0
1988,"Ghana","GHA",69.673469543457,20,37.9379196166992,1996,0
1989,"Ghana","GHA",73.3307037353516,20,34.2032699584961,1996,0
1990,"Ghana","GHA",71.3804779052734,20,35.0495185852051,1996,0
1991,"Ghana","GHA",79.4789123535156,20,NA,1996,0
1992,"Ghana","GHA",79.9336395263672,20,NA,1996,0
1993,"Ghana","GHA",78.9953918457031,20,NA,1996,0
1994,"Ghana","GHA",80.0970687866211,20,NA,1996,0
1995,"Ghana","GHA",78.4118728637695,20,35.6609916687012,1996,0
1996,"Ghana","GHA",77.8936462402344,20,NA,1996,1
1997,"Ghana","GHA",80.4646301269531,20,NA,1996,1
1998,"Ghana","GHA",NA,20,NA,1996,1
1999,"Ghana","GHA",78.3422393798828,20,35.0290908813477,1996,1
2000,"Ghana","GHA",82.8720932006836,20,35.1286010742188,1996,1
2001,"Ghana","GHA",77.9119873046875,20,33.2982215881348,1996,1
2002,"Ghana","GHA",81.0046997070313,20,34.5586891174316,1996,1
2003,"Ghana","GHA",77.6126174926758,20,35.7591590881348,1996,1
2004,"Ghana","GHA",80.7633209228516,20,38.1757698059082,1996,1
2005,"Ghana","GHA",86.546760559082,20,40.0338706970215,1996,1
2006,"Ghana","GHA",90.6660079956055,20,41.5784187316895,1996,1
2007,"Ghana","GHA",95.58154296875,20,45.3324089050293,1996,1
2008,"Ghana","GHA",101.023002624512,20,47.3539810180664,1996,1
2009,"Ghana","GHA",100.291130065918,20,48.8028106689453,1996,1
2010,"Ghana","GHA",NA,20,NA,1996,1
2011,"Ghana","GHA",102.970809936523,20,55.5707588195801,1996,1
2012,"Ghana","GHA",106.687911987305,20,56.442440032959,1996,1
2013,"Ghana","GHA",106.100799560547,20,67.7649078369141,1996,1
2014,"Ghana","GHA",104.587448120117,20,64.0638198852539,1996,1
2015,"Ghana","GHA",108.337890625,20,67.9066696166992,1996,1
1981,"Kenya","KEN",114.344253540039,23,28.9126300811768,2003,0
1982,"Kenya","KEN",115.693771362305,23,28.8307304382324,2003,0
1983,"Kenya","KEN",114.734359741211,23,30.0507793426514,2003,0
1984,"Kenya","KEN",110.051490783691,23,31.4674701690674,2003,0
1985,"Kenya","KEN",104.926376342773,23,38.9729690551758,2003,0
1986,"Kenya","KEN",104.371711730957,23,38.4022407531738,2003,0
1987,"Kenya","KEN",103.657669067383,23,40.3843193054199,2003,0
1988,"Kenya","KEN",101.677040100098,23,39.7162284851074,2003,0
1989,"Kenya","KEN",102.208351135254,23,NA,2003,0
1990,"Kenya","KEN",98.7761535644531,23,NA,2003,0
1991,"Kenya","KEN",96.6375122070313,23,NA,2003,0
1992,"Kenya","KEN",95.2903137207031,23,NA,2003,0
1993,"Kenya","KEN",94.5710067749023,23,NA,2003,0
1994,"Kenya","KEN",91.2588119506836,23,NA,2003,0
1995,"Kenya","KEN",89.1870727539063,23,NA,2003,0
1996,"Kenya","KEN",NA,23,NA,2003,0
1997,"Kenya","KEN",NA,23,NA,2003,0
1998,"Kenya","KEN",90.3892288208008,23,NA,2003,0
1999,"Kenya","KEN",88.9767532348633,23,37.9821281433105,2003,0
2000,"Kenya","KEN",93.1874618530273,23,38.7835693359375,2003,0
2001,"Kenya","KEN",94.3810501098633,23,39.8926086425781,2003,0
2002,"Kenya","KEN",88.2417907714844,23,40.5117492675781,2003,0
2003,"Kenya","KEN",101.822418212891,23,42.5429992675781,2003,1
2004,"Kenya","KEN",100.443893432617,23,46.425838470459,2003,1
2005,"Kenya","KEN",99.3462905883789,23,46.9905700683594,2003,1
2006,"Kenya","KEN",96.347541809082,23,48.7714500427246,2003,1
2007,"Kenya","KEN",102.365493774414,23,50.7726707458496,2003,1
2008,"Kenya","KEN",102.284797668457,23,56.5935211181641,2003,1
2009,"Kenya","KEN",103.914497375488,23,56.760368347168,2003,1
2010,"Kenya","KEN",NA,23,NA,2003,1
2011,"Kenya","KEN",NA,23,NA,2003,1
2012,"Kenya","KEN",109.41773223877,23,NA,2003,1
2013,"Kenya","KEN",NA,23,NA,2003,1
2014,"Kenya","KEN",105.753410339355,23,NA,2003,1
2015,"Kenya","KEN",103.661567687988,23,NA,2003,1
1981,"Lesotho","LSO",94.5848007202148,24,17.7623691558838,2006,0
1982,"Lesotho","LSO",98.2484970092773,24,18.1999206542969,2006,0
1983,"Lesotho","LSO",99.1980972290039,24,19.9264297485352,2006,0
1984,"Lesotho","LSO",98.9285202026367,24,20.4532203674316,2006,0
1985,"Lesotho","LSO",101.641456604004,24,20.8261795043945,2006,0
1986,"Lesotho","LSO",100.486801147461,24,21.4398193359375,2006,0
1987,"Lesotho","LSO",101.664398193359,24,22.8595504760742,2006,0
1988,"Lesotho","LSO",103.06120300293,24,23.4455795288086,2006,0
1989,"Lesotho","LSO",101.440979003906,24,23.2652797698975,2006,0
1990,"Lesotho","LSO",99.9144668579102,24,22.9097595214844,2006,0
1991,"Lesotho","LSO",100.754936218262,24,22.5039405822754,2006,0
1992,"Lesotho","LSO",99.4518127441406,24,23.7516403198242,2006,0
1993,"Lesotho","LSO",95.7267227172852,24,24.5601005554199,2006,0
1994,"Lesotho","LSO",98.0703201293945,24,26.5826301574707,2006,0
1995,"Lesotho","LSO",100.458427429199,24,27.8122596740723,2006,0
1996,"Lesotho","LSO",98.8203582763672,24,27.5009708404541,2006,0
1997,"Lesotho","LSO",96.8485107421875,24,28.4769496917725,2006,0
1998,"Lesotho","LSO",96.9129791259766,24,27.9904708862305,2006,0
1999,"Lesotho","LSO",96.1090393066406,24,28.1795806884766,2006,0
2000,"Lesotho","LSO",109.260452270508,24,28.2828903198242,2006,0
2001,"Lesotho","LSO",112.410453796387,24,30.3321094512939,2006,0
2002,"Lesotho","LSO",116.073226928711,24,31.8494606018066,2006,0
2003,"Lesotho","LSO",122.331161499023,24,33.1489791870117,2006,0
2004,"Lesotho","LSO",124.96166229248,24,35.9729385375977,2006,0
2005,"Lesotho","LSO",127.054779052734,24,38.5155601501465,2006,0
2006,"Lesotho","LSO",130.614105224609,24,40.0644683837891,2006,1
2007,"Lesotho","LSO",125.227767944336,24,43.2737998962402,2006,1
2008,"Lesotho","LSO",125.069396972656,24,46.4424514770508,2006,1
2009,"Lesotho","LSO",124.011688232422,24,50.9290390014648,2006,1
2010,"Lesotho","LSO",124.746772766113,24,56.2611503601074,2006,1
2011,"Lesotho","LSO",123.095230102539,24,59.7609214782715,2006,1
2012,"Lesotho","LSO",121.289253234863,24,62.1758804321289,2006,1
2013,"Lesotho","LSO",117.203941345215,24,60.4105911254883,2006,1
2014,"Lesotho","LSO",116.585823059082,24,60.2167816162109,2006,1
2015,"Lesotho","LSO",116.634521484375,24,60.6760902404785,2006,1
1981,"Malawi","MWI",64.7948379516602,27,16.3621196746826,1994,0
1982,"Malawi","MWI",68.6482696533203,27,17.1980991363525,1994,0
1983,"Malawi","MWI",64.9304733276367,27,17.1525192260742,1994,0
1984,"Malawi","MWI",60.1482582092285,27,17.571310043335,1994,0
1985,"Malawi","MWI",61.7989196777344,27,17.280590057373,1994,0
1986,"Malawi","MWI",61.5006904602051,27,17.0367908477783,1994,0
1987,"Malawi","MWI",63.096321105957,27,17.2469501495361,1994,0
1988,"Malawi","MWI",62.6145896911621,27,16.8281803131104,1994,0
1989,"Malawi","MWI",69.189697265625,27,16.3508491516113,1994,0
1990,"Malawi","MWI",74.9791107177734,27,16.7196102142334,1994,0
1991,"Malawi","MWI",78.0962829589844,27,17.1919898986816,1994,0
1992,"Malawi","MWI",93.9247512817383,27,19.7928791046143,1994,0
1993,"Malawi","MWI",99.8694686889648,27,18.8338394165039,1994,0
1994,"Malawi","MWI",106.610191345215,27,16.8195400238037,1994,1
1995,"Malawi","MWI",156.404235839844,27,24.7666492462158,1994,1
1996,"Malawi","MWI",151.786163330078,27,25.8281898498535,1994,1
1997,"Malawi","MWI",NA,27,NA,1994,1
1998,"Malawi","MWI",137.337249755859,27,33.2286186218262,1994,1
1999,"Malawi","MWI",136.615783691406,27,37.4389381408691,1994,1
2000,"Malawi","MWI",139.639755249023,27,31.2888298034668,1994,1
2001,"Malawi","MWI",143.959213256836,27,31.9746398925781,1994,1
2002,"Malawi","MWI",140.367736816406,27,30.7716693878174,1994,1
2003,"Malawi","MWI",NA,27,NA,1994,1
2004,"Malawi","MWI",132.808944702148,27,28.1863193511963,1994,1
2005,"Malawi","MWI",130.482437133789,27,28.042049407959,1994,1
2006,"Malawi","MWI",129.772735595703,27,30.0156192779541,1994,1
2007,"Malawi","MWI",126.552177429199,27,29.7481002807617,1994,1
2008,"Malawi","MWI",133.626495361328,27,32.1334381103516,1994,1
2009,"Malawi","MWI",131.959121704102,27,32.7299499511719,1994,1
2010,"Malawi","MWI",138.75146484375,27,33.980770111084,1994,1
2011,"Malawi","MWI",140.620193481445,27,35.0873718261719,1994,1
2012,"Malawi","MWI",141.435485839844,27,35.3196411132813,1994,1
2013,"Malawi","MWI",146.914947509766,27,38.437328338623,1994,1
2014,"Malawi","MWI",147.395782470703,27,40.2117385864258,1994,1
2015,"Malawi","MWI",146.396820068359,27,40.7725410461426,1994,1
1981,"Mozambique","MOZ",105.56575012207,31,5.34759998321533,2005,0
1982,"Mozambique","MOZ",94.8269195556641,31,7.55495977401733,2005,0
1983,"Mozambique","MOZ",86.4560012817383,31,8.37528038024902,2005,0
1984,"Mozambique","MOZ",90.1135025024414,31,NA,2005,0
1985,"Mozambique","MOZ",89.7339096069336,31,7.42237997055054,2005,0
1986,"Mozambique","MOZ",88.6184921264648,31,7.52114009857178,2005,0
1987,"Mozambique","MOZ",72.2102279663086,31,5.81160020828247,2005,0
1988,"Mozambique","MOZ",66.0000076293945,31,NA,2005,0
1989,"Mozambique","MOZ",65.2028579711914,31,NA,2005,0
1990,"Mozambique","MOZ",66.2465515136719,31,7.32305002212524,2005,0
1991,"Mozambique","MOZ",63.4750900268555,31,7.31891012191772,2005,0
1992,"Mozambique","MOZ",61.3771018981934,31,7.02412986755371,2005,0
1993,"Mozambique","MOZ",61.3278884887695,31,7.05181980133057,2005,0
1994,"Mozambique","MOZ",63.5799407958984,31,7.12332010269165,2005,0
1995,"Mozambique","MOZ",67.8076629638672,31,7.60677003860474,2005,0
1996,"Mozambique","MOZ",NA,31,NA,2005,0
1997,"Mozambique","MOZ",NA,31,NA,2005,0
1998,"Mozambique","MOZ",65.4482574462891,31,NA,2005,0
1999,"Mozambique","MOZ",70.7136764526367,31,5.29103994369507,2005,0
2000,"Mozambique","MOZ",76.1575622558594,31,6.197350025177,2005,0
2001,"Mozambique","MOZ",82.1719818115234,31,6.97698020935059,2005,0
2002,"Mozambique","MOZ",84.974006652832,31,8.62436962127686,2005,0
2003,"Mozambique","MOZ",NA,31,NA,2005,0
2004,"Mozambique","MOZ",93.8334197998047,31,11.0158596038818,2005,0
2005,"Mozambique","MOZ",100.371620178223,31,13.4446897506714,2005,1
2006,"Mozambique","MOZ",102.430732727051,31,15.7259302139282,2005,1
2007,"Mozambique","MOZ",108.182220458984,31,18.4080696105957,2005,1
2008,"Mozambique","MOZ",112.051933288574,31,20.5702209472656,2005,1
2009,"Mozambique","MOZ",111.904968261719,31,23.2437705993652,2005,1
2010,"Mozambique","MOZ",112.532577514648,31,25.2264099121094,2005,1
2011,"Mozambique","MOZ",108.219741821289,31,25.9967308044434,2005,1
2012,"Mozambique","MOZ",106.901786804199,31,25.5067901611328,2005,1
2013,"Mozambique","MOZ",107.855392456055,31,34.0909004211426,2005,1
2014,"Mozambique","MOZ",107.598022460938,31,33.3790016174316,2005,1
2015,"Mozambique","MOZ",108.62914276123,31,33.5693893432617,2005,1
1981,"Namibia","NAM",NA,32,NA,2013,0
1982,"Namibia","NAM",NA,32,NA,2013,0
1983,"Namibia","NAM",NA,32,NA,2013,0
1984,"Namibia","NAM",NA,32,NA,2013,0
1985,"Namibia","NAM",NA,32,NA,2013,0
1986,"Namibia","NAM",118.41081237793,32,34.6098518371582,2013,0
1987,"Namibia","NAM",121.06844329834,32,34.0365295410156,2013,0
1988,"Namibia","NAM",119.367630004883,32,35.5621604919434,2013,0
1989,"Namibia","NAM",115.173820495605,32,35.8969688415527,2013,0
1990,"Namibia","NAM",115.392387390137,32,36.7398681640625,2013,0
1991,"Namibia","NAM",122.647560119629,32,42.197078704834,2013,0
1992,"Namibia","NAM",122.505279541016,32,47.6461715698242,2013,0
1993,"Namibia","NAM",121.04020690918,32,51.2712097167969,2013,0
1994,"Namibia","NAM",123.269241333008,32,55.3514595031738,2013,0
1995,"Namibia","NAM",120.675109863281,32,55.0570793151855,2013,0
1996,"Namibia","NAM",119.203811645508,32,54.6721611022949,2013,0
1997,"Namibia","NAM",118.349792480469,32,55.7481307983398,2013,0
1998,"Namibia","NAM",117.724510192871,32,55.1759414672852,2013,0
1999,"Namibia","NAM",114.510948181152,32,56.8700904846191,2013,0
2000,"Namibia","NAM",114.461311340332,32,59.337329864502,2013,0
2001,"Namibia","NAM",115.251266479492,32,63.6324081420898,2013,0
2002,"Namibia","NAM",115.994972229004,32,63.2000198364258,2013,0
2003,"Namibia","NAM",116.021507263184,32,63.0542182922363,2013,0
2004,"Namibia","NAM",113.603256225586,32,63.1458892822266,2013,0
2005,"Namibia","NAM",113.303253173828,32,63.5129699707031,2013,0
2006,"Namibia","NAM",112.38395690918,32,64.0424728393555,2013,0
2007,"Namibia","NAM",114.281410217285,32,65.7791366577148,2013,0
2008,"Namibia","NAM",114.025901794434,32,NA,2013,0
2009,"Namibia","NAM",114.495376586914,32,NA,2013,0
2010,"Namibia","NAM",115.193130493164,32,NA,2013,0
2011,"Namibia","NAM",NA,32,NA,2013,0
2012,"Namibia","NAM",118.883201599121,32,NA,2013,0
2013,"Namibia","NAM",121.060173034668,32,NA,2013,1
2014,"Namibia","NAM",NA,32,NA,2013,1
2015,"Namibia","NAM",NA,32,NA,2013,1
1981,"Rwanda","RWA",73.3718032836914,35,12.5334501266479,2003,0
1982,"Rwanda","RWA",74.1230163574219,35,13.2813501358032,2003,0
1983,"Rwanda","RWA",70.8606109619141,35,14.5654497146606,2003,0
1984,"Rwanda","RWA",69.2003936767578,35,14.9981698989868,2003,0
1985,"Rwanda","RWA",68.2393035888672,35,16.1504707336426,2003,0
1986,"Rwanda","RWA",68.7348709106445,35,16.075569152832,2003,0
1987,"Rwanda","RWA",70.4564590454102,35,16.0003395080566,2003,0
1988,"Rwanda","RWA",71.5419235229492,35,15.7616100311279,2003,0
1989,"Rwanda","RWA",72.3656997680664,35,16.4125709533691,2003,0
1990,"Rwanda","RWA",72.0503921508789,35,15.9934501647949,2003,0
1991,"Rwanda","RWA",74.1878204345703,35,16.014009475708,2003,0
1992,"Rwanda","RWA",80.4159698486328,35,15.5050601959229,2003,0
1993,"Rwanda","RWA",NA,35,NA,2003,0
1994,"Rwanda","RWA",NA,35,NA,2003,0
1995,"Rwanda","RWA",NA,35,NA,2003,0
1996,"Rwanda","RWA",NA,35,NA,2003,0
1997,"Rwanda","RWA",110.370300292969,35,NA,2003,0
1998,"Rwanda","RWA",114.29418182373,35,NA,2003,0
1999,"Rwanda","RWA",107.75032043457,35,9.95328998565674,2003,0
2000,"Rwanda","RWA",112.134498596191,35,11.4137697219849,2003,0
2001,"Rwanda","RWA",109.921257019043,35,11.703800201416,2003,0
2002,"Rwanda","RWA",113.049743652344,35,12.5314798355103,2003,0
2003,"Rwanda","RWA",120.323387145996,35,13.9668703079224,2003,1
2004,"Rwanda","RWA",128.668655395508,35,15.713939666748,2003,1
2005,"Rwanda","RWA",133.61311340332,35,16.7254905700684,2003,1
2006,"Rwanda","RWA",142.597534179688,35,18.3814296722412,2003,1
2007,"Rwanda","RWA",148.463500976563,35,20.4404392242432,2003,1
2008,"Rwanda","RWA",147.746139526367,35,21.9730606079102,2003,1
2009,"Rwanda","RWA",149.271362304688,35,26.1497192382813,2003,1
2010,"Rwanda","RWA",148.230285644531,35,31.617639541626,2003,1
2011,"Rwanda","RWA",147.707580566406,35,35.5872192382813,2003,1
2012,"Rwanda","RWA",147.565963745117,35,38.3079795837402,2003,1
2013,"Rwanda","RWA",144.3056640625,35,40.7178802490234,2003,1
2014,"Rwanda","RWA",140.38752746582,35,40.0912818908691,2003,1
2015,"Rwanda","RWA",139.624359130859,35,37.8520088195801,2003,1
1981,"Tanzania","TZA",97.6796569824219,44,3.06565999984741,2001,0
1982,"Tanzania","TZA",93.8320465087891,44,3.05152988433838,2001,0
1983,"Tanzania","TZA",92.034797668457,44,3.07823991775513,2001,0
1984,"Tanzania","TZA",87.424560546875,44,3.06276988983154,2001,0
1985,"Tanzania","TZA",76.9715118408203,44,3.42084002494812,2001,0
1986,"Tanzania","TZA",74.3343734741211,44,3.61570000648499,2001,0
1987,"Tanzania","TZA",72.0918807983398,44,3.89358997344971,2001,0
1988,"Tanzania","TZA",70.0578918457031,44,4.28587007522583,2001,0
1989,"Tanzania","TZA",70.015007019043,44,4.58773994445801,2001,0
1990,"Tanzania","TZA",70.5530776977539,44,NA,2001,0
1991,"Tanzania","TZA",71.0247192382813,44,5.38662004470825,2001,0
1992,"Tanzania","TZA",70.4803237915039,44,5.39730978012085,2001,0
1993,"Tanzania","TZA",70.6944427490234,44,5.38972997665405,2001,0
1994,"Tanzania","TZA",69.5980682373047,44,5.36195993423462,2001,0
1995,"Tanzania","TZA",69.0778579711914,44,5.37662982940674,2001,0
1996,"Tanzania","TZA",68.3552703857422,44,5.28340005874634,2001,0
1997,"Tanzania","TZA",68.5368804931641,44,5.72096014022827,2001,0
1998,"Tanzania","TZA",66.5787887573242,44,NA,2001,0
1999,"Tanzania","TZA",67.3513412475586,44,NA,2001,0
2000,"Tanzania","TZA",68.8467178344727,44,NA,2001,0
2001,"Tanzania","TZA",74.7526779174805,44,NA,2001,1
2002,"Tanzania","TZA",89.3642730712891,44,NA,2001,1
2003,"Tanzania","TZA",95.7885665893555,44,NA,2001,1
2004,"Tanzania","TZA",101.115371704102,44,NA,2001,1
2005,"Tanzania","TZA",105.410537719727,44,NA,2001,1
2006,"Tanzania","TZA",109.037590026855,44,NA,2001,1
2007,"Tanzania","TZA",111.335220336914,44,NA,2001,1
2008,"Tanzania","TZA",112.415512084961,44,NA,2001,1
2009,"Tanzania","TZA",106.662780761719,44,NA,2001,1
2010,"Tanzania","TZA",102.841667175293,44,31.6497497558594,2001,1
2011,"Tanzania","TZA",97.2078704833984,44,NA,2001,1
2012,"Tanzania","TZA",94.175537109375,44,NA,2001,1
2013,"Tanzania","TZA",90.0418395996094,44,NA,2001,1
2014,"Tanzania","TZA",86.7884979248047,44,30.7474594116211,2001,1
2015,"Tanzania","TZA",84.6794662475586,44,27.1400394439697,2001,1
1981,"Uganda","UGA",55.6512298583984,46,5.45956993103027,1997,0
1982,"Uganda","UGA",62.0641288757324,46,8.13360023498535,1997,0
1983,"Uganda","UGA",64.3243789672852,46,7.23868989944458,1997,0
1984,"Uganda","UGA",69.4158477783203,46,8.52859973907471,1997,0
1985,"Uganda","UGA",73.6505584716797,46,9.16814041137695,1997,0
1986,"Uganda","UGA",73.7232131958008,46,10.5980501174927,1997,0
1987,"Uganda","UGA",74.2084121704102,46,11.6663703918457,1997,0
1988,"Uganda","UGA",74.6792068481445,46,12.2156000137329,1997,0
1989,"Uganda","UGA",70.4303283691406,46,NA,1997,0
1990,"Uganda","UGA",70.9982070922852,46,11.575590133667,1997,0
1991,"Uganda","UGA",71.2727279663086,46,10.6917200088501,1997,0
1992,"Uganda","UGA",63.9762496948242,46,10.3243999481201,1997,0
1993,"Uganda","UGA",68.5215682983398,46,10.1521501541138,1997,0
1994,"Uganda","UGA",68.8752517700195,46,10.3117198944092,1997,0
1995,"Uganda","UGA",69.46923828125,46,10.5582704544067,1997,0
1996,"Uganda","UGA",70.5955581665039,46,NA,1997,0
1997,"Uganda","UGA",117.717842102051,46,9.96909999847412,1997,1
1998,"Uganda","UGA",124.426498413086,46,NA,1997,1
1999,"Uganda","UGA",130.231567382813,46,NA,1997,1
2000,"Uganda","UGA",131.4873046875,46,NA,1997,1
2001,"Uganda","UGA",133.726943969727,46,NA,1997,1
2002,"Uganda","UGA",137.744995117188,46,NA,1997,1
2003,"Uganda","UGA",138.27522277832,46,NA,1997,1
2004,"Uganda","UGA",129.40983581543,46,19.3705902099609,1997,1
2005,"Uganda","UGA",122.931190490723,46,NA,1997,1
2006,"Uganda","UGA",121.587181091309,46,NA,1997,1
2007,"Uganda","UGA",120.661376953125,46,24.6403293609619,1997,1
2008,"Uganda","UGA",123.514747619629,46,NA,1997,1
2009,"Uganda","UGA",124.684700012207,46,NA,1997,1
2010,"Uganda","UGA",121.982307434082,46,NA,1997,1
2011,"Uganda","UGA",114.31664276123,46,NA,1997,1
2012,"Uganda","UGA",113.900398254395,46,NA,1997,1
2013,"Uganda","UGA",112.048927307129,46,NA,1997,1
2014,"Uganda","UGA",NA,46,NA,1997,1
2015,"Uganda","UGA",102.648399353027,46,NA,1997,1
1981,"Zambia","ZMB",89.7552795410156,47,15.4600200653076,2002,0
1982,"Zambia","ZMB",90.2088928222656,47,15.8110704421997,2002,0
1983,"Zambia","ZMB",92.5482788085938,47,NA,2002,0
1984,"Zambia","ZMB",94.6899871826172,47,NA,2002,0
1985,"Zambia","ZMB",97.6183319091797,47,18.1274509429932,2002,0
1986,"Zambia","ZMB",96.4468765258789,47,19.3915405273438,2002,0
1987,"Zambia","ZMB",94.3392562866211,47,18.9195194244385,2002,0
1988,"Zambia","ZMB",93.8729019165039,47,19.6171894073486,2002,0
1989,"Zambia","ZMB",92.7277603149414,47,NA,2002,0
1990,"Zambia","ZMB",91.5438766479492,47,20.3650093078613,2002,0
1991,"Zambia","ZMB",92.3936614990234,47,NA,2002,0
1992,"Zambia","ZMB",NA,47,NA,2002,0
1993,"Zambia","ZMB",NA,47,NA,2002,0
1994,"Zambia","ZMB",86.0030364990234,47,19.9331207275391,2002,0
1995,"Zambia","ZMB",84.0416488647461,47,NA,2002,0
1996,"Zambia","ZMB",82.6907196044922,47,NA,2002,0
1997,"Zambia","ZMB",NA,47,NA,2002,0
1998,"Zambia","ZMB",80.9070892333984,47,NA,2002,0
1999,"Zambia","ZMB",78.989990234375,47,NA,2002,0
2000,"Zambia","ZMB",79.0378723144531,47,NA,2002,0
2001,"Zambia","ZMB",78.9677963256836,47,NA,2002,0
2002,"Zambia","ZMB",82.0374374389648,47,NA,2002,1
2003,"Zambia","ZMB",NA,47,NA,2002,1
2004,"Zambia","ZMB",100.971160888672,47,NA,2002,1
2005,"Zambia","ZMB",112.094612121582,47,NA,2002,1
2006,"Zambia","ZMB",113.396728515625,47,NA,2002,1
2007,"Zambia","ZMB",114.417541503906,47,NA,2002,1
2008,"Zambia","ZMB",115.290069580078,47,NA,2002,1
2009,"Zambia","ZMB",108.636238098145,47,NA,2002,1
2010,"Zambia","ZMB",106.97876739502,47,NA,2002,1
2011,"Zambia","ZMB",108.068511962891,47,NA,2002,1
2012,"Zambia","ZMB",108.12964630127,47,NA,2002,1
2013,"Zambia","ZMB",102.713668823242,47,NA,2002,1
2014,"Zambia","ZMB",104.331993103027,47,NA,2002,1
2015,"Zambia","ZMB",101.460479736328,47,NA,2002,1
